{"test_error": 0.02529999999999999, "num_filters": 32, "batch_size": 128, "filter_size": 3, "lr": 0.01, "learning_curve": [0.12460000000000004, 0.07720000000000005, 0.06259999999999999, 0.05379999999999996, 0.05069999999999997, 0.03869999999999996, 0.03759999999999997, 0.041100000000000025, 0.03320000000000001, 0.03169999999999995, 0.02510000000000001, 0.027100000000000013]}