{"lr": 0.07425307993419585, "test_error": 0.008399999999999963, "learning_curve": [0.021299990570545213, 0.024399991518259, 0.012899992531538063, 0.01579999091625217, 0.012999992138147398, 0.013699991595745087, 0.016999990934133513, 0.010499993443489064, 0.00909999358057978, 0.010199993360042625, 0.010499993443489064, 0.008699994522333165], "filter_size": 5, "batch_size": 53, "num_filters": 31}