{"test_error": 0.07869999999999999, "batch_size": 128, "filter_size": 7, "lr": 0.001, "learning_curve": [0.7666, 0.42210000000000003, 0.24960000000000004, 0.1652, 0.13080000000000003, 0.11350000000000005, 0.10160000000000002, 0.09209999999999996, 0.08679999999999999, 0.08279999999999998, 0.07920000000000005, 0.07569999999999999], "num_filters": 32}