{"filter_size": 5, "batch_size": 128, "lr": 0.001, "learning_curve": [0.7787, 0.5374, 0.347, 0.26549999999999996, 0.18230000000000002, 0.14170000000000005, 0.12260000000000004, 0.11109999999999998, 0.09899999999999998, 0.09519999999999995, 0.09019999999999995, 0.0857], "num_filters": 32, "test_error": 0.09130000000000005}