{"num_filters": 32, "batch_size": 128, "learning_curve": [0.9005, 0.7747999999999999, 0.6546000000000001, 0.5946, 0.5435, 0.5049, 0.47319999999999995, 0.44220000000000004, 0.40780000000000005, 0.3712, 0.3304, 0.2935], "test_error": 0.3013, "lr": 0.001, "filter_size": 1}