{"filter_size": 3, "batch_size": 128, "lr": 0.1, "num_filters": 32, "test_error": 0.011800000000000033, "learning_curve": [0.03259999999999996, 0.03500000000000003, 0.026900000000000035, 0.027699999999999947, 0.015599999999999947, 0.02090000000000003, 0.01319999999999999, 0.015100000000000002, 0.014900000000000024, 0.013599999999999945, 0.012299999999999978, 0.012900000000000023]}