{"filter_size": 3, "learning_curve": [0.8585, 0.7142, 0.5364, 0.40569999999999995, 0.3123, 0.2319, 0.17920000000000003, 0.14500000000000002, 0.12409999999999999, 0.11319999999999997, 0.10619999999999996, 0.09940000000000004], "num_filters": 32, "batch_size": 128, "lr": 0.001, "test_error": 0.10389999999999999}