{"test_error": 0.762, "filter_size": 3, "batch_size": 128, "learning_curve": [0.8959, 0.8764, 0.857, 0.8405, 0.8288, 0.8193, 0.8089999999999999, 0.8006, 0.7918000000000001, 0.7848999999999999, 0.7763, 0.7689], "lr": 0.0001, "num_filters": 32}