{"filter_size": 3, "lr": 0.001, "batch_size": 128, "test_error": 0.07950000000000002, "learning_curve": [0.6786, 0.4829, 0.28159999999999996, 0.15969999999999995, 0.12, 0.10340000000000005, 0.09530000000000005, 0.0897, 0.08420000000000005, 0.08189999999999997, 0.07879999999999998, 0.07450000000000001], "num_filters": 32}