{"learning_curve": [0.8092, 0.6756, 0.4716, 0.3218, 0.236, 0.18200000000000005, 0.14359999999999995, 0.12139999999999995, 0.10799999999999998, 0.10189999999999999, 0.09130000000000005, 0.08750000000000002], "batch_size": 128, "test_error": 0.08950000000000002, "filter_size": 3, "num_filters": 32, "lr": 0.001}