{"num_filters": 32, "filter_size": 3, "learning_curve": [0.7606999999999999, 0.6807000000000001, 0.6009, 0.4508, 0.3558, 0.262, 0.2046, 0.1653, 0.13649999999999995, 0.1251, 0.1149, 0.10719999999999996], "lr": 0.001, "batch_size": 128, "test_error": 0.10850000000000004}